Day,Ingredient,Meal,Note,Timestamp
Monday,Bread Loaf,Grilled Cheese Sandwich,,2025-06-25 21:07
Tuesday,Eggs,Apam balik,,2025-06-25 21:07
Wednesday,Butter, Bubble & Squeak,,2025-06-25 21:07
Thursday,Canned Beans,Baked Beans on Toast,,2025-06-25 21:07
Friday,Orange Juice,Fruit Smoothie,,2025-06-25 21:07
Saturday,Oats,Oatmeal with Fruits,,2025-06-25 21:07
Sunday,Peanut Butter,Apam balik,,2025-06-25 21:07
Monday,Bread Loaf,Grilled Cheese Sandwich,,2025-06-25 21:16
Tuesday,Eggs,Apam balik,,2025-06-25 21:16
Wednesday,Butter, Bubble & Squeak,,2025-06-25 21:16
Thursday,Canned Beans,Baked Beans on Toast,,2025-06-25 21:16
Friday,Orange Juice,Fruit Smoothie,,2025-06-25 21:16
Saturday,Oats,Oatmeal with Fruits,,2025-06-25 21:16
Sunday,Peanut Butter,Apam balik,,2025-06-25 21:16
Monday,Bread Loaf,Grilled Cheese Sandwich,,15,Vegetarian,2025-06-25 21:21
Tuesday,Eggs,Apam balik,,15,Vegetarian,2025-06-25 21:21
Wednesday,Butter, Bubble & Squeak,,15,Vegetarian,2025-06-25 21:21
Thursday,Canned Beans,Baked Beans on Toast,,15,Vegetarian,2025-06-25 21:21
Friday,Orange Juice,Fruit Smoothie,,15,Vegetarian,2025-06-25 21:21
Saturday,Oats,Oatmeal with Fruits,,15,Vegetarian,2025-06-25 21:21
Sunday,Peanut Butter,Apam balik,,15,Vegetarian,2025-06-25 21:21
Monday,Bread Loaf,Grilled Cheese Sandwich,,15,Non-Vegetarian,2025-06-25 21:21
Tuesday,Eggs,Apam balik,,15,Vegetarian,2025-06-25 21:21
Wednesday,Butter, Bubble & Squeak,,15,Vegetarian,2025-06-25 21:21
Thursday,Canned Beans,Baked Beans on Toast,,15,Vegetarian,2025-06-25 21:21
Friday,Orange Juice,Fruit Smoothie,,15,Vegetarian,2025-06-25 21:21
Saturday,Oats,Oatmeal with Fruits,,15,Vegetarian,2025-06-25 21:21
Sunday,Peanut Butter,Apam balik,,15,Vegetarian,2025-06-25 21:21
Monday,Bread Loaf,Grilled Cheese Sandwich,,15,Non-Vegetarian,2025-06-25 21:21
Tuesday,Eggs,Apam balik,,15,Vegetarian,2025-06-25 21:21
Wednesday,Butter, Bubble & Squeak,,15,Vegetarian,2025-06-25 21:21
Thursday,Canned Beans,Baked Beans on Toast,,15,Non-Vegetarian,2025-06-25 21:21
Friday,Orange Juice,Fruit Smoothie,,15,Vegetarian,2025-06-25 21:21
Saturday,Oats,Oatmeal with Fruits,,15,Vegetarian,2025-06-25 21:21
Sunday,Peanut Butter,Apam balik,,15,Vegetarian,2025-06-25 21:21
Monday,Bread Loaf,Grilled Cheese Sandwich,,15,Non-Vegetarian,2025-06-25 21:21
Tuesday,Eggs,Apam balik,,15,Vegetarian,2025-06-25 21:21
Wednesday,Butter, Bubble & Squeak,,15,Vegetarian,2025-06-25 21:21
Thursday,Canned Beans,Baked Beans on Toast,,15,Non-Vegetarian,2025-06-25 21:21
Friday,Orange Juice,Fruit Smoothie,,15,Non-Vegetarian,2025-06-25 21:21
Saturday,Oats,Oatmeal with Fruits,,15,Vegetarian,2025-06-25 21:21
Sunday,Peanut Butter,Apam balik,,15,Vegetarian,2025-06-25 21:21
Monday,Bread Loaf,Grilled Cheese Sandwich,,15,Non-Vegetarian,2025-06-25 21:21
Tuesday,Eggs,Apam balik,,15,Vegetarian,2025-06-25 21:21
Wednesday,Butter, Bubble & Squeak,,15,Vegetarian,2025-06-25 21:21
Thursday,Canned Beans,Baked Beans on Toast,,15,Non-Vegetarian,2025-06-25 21:21
Friday,Orange Juice,Fruit Smoothie,,15,Non-Vegetarian,2025-06-25 21:21
Saturday,Oats,Oatmeal with Fruits,,15,Non-Vegetarian,2025-06-25 21:21
Sunday,Peanut Butter,Apam balik,,15,Vegetarian,2025-06-25 21:21
Monday,Bread Loaf,Grilled Cheese Sandwich,,15,Non-Vegetarian,2025-06-25 21:22
Tuesday,Eggs,Apam balik,,15,Vegetarian,2025-06-25 21:22
Wednesday,Butter, Bubble & Squeak,,15,Vegetarian,2025-06-25 21:22
Thursday,Canned Beans,Baked Beans on Toast,,15,Non-Vegetarian,2025-06-25 21:22
Friday,Orange Juice,Fruit Smoothie,,15,Non-Vegetarian,2025-06-25 21:22
Saturday,Oats,Oatmeal with Fruits,,15,Vegetarian,2025-06-25 21:22
Sunday,Peanut Butter,Apam balik,,15,Vegetarian,2025-06-25 21:22
Monday,Bread Loaf,Grilled Cheese Sandwich,,15,Vegetarian,2025-06-25 21:27
Tuesday,Eggs,Apam balik,,15,Vegetarian,2025-06-25 21:27
Wednesday,Butter, Bubble & Squeak,,15,Vegetarian,2025-06-25 21:27
Thursday,Canned Beans,Baked Beans on Toast,,15,Vegetarian,2025-06-25 21:27
Friday,Orange Juice,Fruit Smoothie,,15,Vegetarian,2025-06-25 21:27
Saturday,Oats,Oatmeal with Fruits,,15,Vegetarian,2025-06-25 21:27
Sunday,Peanut Butter,Apam balik,,15,Vegetarian,2025-06-25 21:27
Monday,Bread Loaf,Grilled Cheese Sandwich,,15,Vegetarian,2025-06-25 21:27
Tuesday,Eggs,Apam balik,,15,Vegetarian,2025-06-25 21:27
Wednesday,Butter, Bubble & Squeak,,15,Vegetarian,2025-06-25 21:27
Thursday,Canned Beans,Baked Beans on Toast,,15,Vegetarian,2025-06-25 21:27
Friday,Orange Juice,Fruit Smoothie,,15,Vegetarian,2025-06-25 21:27
Saturday,Oats,Oatmeal with Fruits,,15,Vegetarian,2025-06-25 21:27
Sunday,Peanut Butter,Apam balik,,15,Vegetarian,2025-06-25 21:27
Monday,Bread Loaf,Grilled Cheese Sandwich,,15,Vegetarian,2025-06-25 21:28
Tuesday,Eggs,Apam balik,,15,Vegetarian,2025-06-25 21:28
Wednesday,Butter, Bubble & Squeak,,15,Vegetarian,2025-06-25 21:28
Thursday,Canned Beans,Baked Beans on Toast,,15,Vegetarian,2025-06-25 21:28
Friday,Orange Juice,Fruit Smoothie,,15,Vegetarian,2025-06-25 21:28
Saturday,Oats,Oatmeal with Fruits,,15,Vegetarian,2025-06-25 21:28
Sunday,Peanut Butter,Apam balik,,15,Non-Vegetarian,2025-06-25 21:28
Monday,Bread Loaf,ğŸ¥š Veggie Stir Fry,,15,Vegetarian,2025-06-25 21:31
Tuesday,Eggs,ğŸ¥š Veggie Stir Fry,,15,Vegetarian,2025-06-25 21:31
Wednesday,Butter,ğŸ¥š Veggie Stir Fry,,15,Vegetarian,2025-06-25 21:31
Thursday,Canned Beans,ğŸ¥š Veggie Stir Fry,,15,Vegetarian,2025-06-25 21:31
Friday,Orange Juice,ğŸ¥š Veggie Stir Fry,,15,Vegetarian,2025-06-25 21:31
Saturday,Oats,ğŸ¥š Veggie Stir Fry,,15,Vegetarian,2025-06-25 21:31
Sunday,Peanut Butter,ğŸ¥š Veggie Stir Fry,,15,Vegetarian,2025-06-25 21:31
Monday,Bread Loaf,ğŸ— Chicken Curry,,15,Non-Vegetarian,2025-06-25 21:31
Tuesday,Eggs,ğŸ¥š Veggie Stir Fry,,15,Vegetarian,2025-06-25 21:31
Wednesday,Butter,ğŸ¥š Veggie Stir Fry,,15,Vegetarian,2025-06-25 21:31
Thursday,Canned Beans,ğŸ¥š Veggie Stir Fry,,15,Vegetarian,2025-06-25 21:31
Friday,Orange Juice,ğŸ¥š Veggie Stir Fry,,15,Vegetarian,2025-06-25 21:31
Saturday,Oats,ğŸ¥š Veggie Stir Fry,,15,Vegetarian,2025-06-25 21:31
Sunday,Peanut Butter,ğŸ¥š Veggie Stir Fry,,15,Vegetarian,2025-06-25 21:31
Monday,Bread Loaf,ğŸ¥š Veggie Stir Fry,,15,Vegetarian,2025-06-25 21:31
Tuesday,Eggs,ğŸ¥š Veggie Stir Fry,,15,Vegetarian,2025-06-25 21:31
Wednesday,Butter,ğŸ¥š Veggie Stir Fry,,15,Vegetarian,2025-06-25 21:31
Thursday,Canned Beans,ğŸ¥š Veggie Stir Fry,,15,Vegetarian,2025-06-25 21:31
Friday,Orange Juice,ğŸ¥š Veggie Stir Fry,,15,Vegetarian,2025-06-25 21:31
Saturday,Oats,ğŸ¥š Veggie Stir Fry,,15,Vegetarian,2025-06-25 21:31
Sunday,Peanut Butter,ğŸ¥š Veggie Stir Fry,,15,Vegetarian,2025-06-25 21:31
Monday,Bread Loaf,ğŸ¥š Veggie Stir Fry,,15,Vegetarian,2025-06-25 21:31
Tuesday,Eggs,ğŸ— Chicken Curry,,15,Non-Vegetarian,2025-06-25 21:31
Wednesday,Butter,ğŸ¥š Veggie Stir Fry,,15,Vegetarian,2025-06-25 21:31
Thursday,Canned Beans,ğŸ¥š Veggie Stir Fry,,15,Vegetarian,2025-06-25 21:31
Friday,Orange Juice,ğŸ¥š Veggie Stir Fry,,15,Vegetarian,2025-06-25 21:31
Saturday,Oats,ğŸ¥š Veggie Stir Fry,,15,Vegetarian,2025-06-25 21:31
Sunday,Peanut Butter,ğŸ¥š Veggie Stir Fry,,15,Vegetarian,2025-06-25 21:31
Monday,Bread Loaf,ğŸ¥š Veggie Stir Fry,,15,Vegetarian,2025-06-25 21:31
Tuesday,Eggs,ğŸ— Chicken Curry,,15,Non-Vegetarian,2025-06-25 21:31
Wednesday,Butter,ğŸ— Chicken Curry,,15,Non-Vegetarian,2025-06-25 21:31
Thursday,Canned Beans,ğŸ¥š Veggie Stir Fry,,15,Vegetarian,2025-06-25 21:31
Friday,Orange Juice,ğŸ¥š Veggie Stir Fry,,15,Vegetarian,2025-06-25 21:31
Saturday,Oats,ğŸ¥š Veggie Stir Fry,,15,Vegetarian,2025-06-25 21:31
Sunday,Peanut Butter,ğŸ¥š Veggie Stir Fry,,15,Vegetarian,2025-06-25 21:31
Monday,Bread Loaf,ğŸ¥š Veggie Stir Fry,,15,Vegetarian,2025-06-25 21:31
Tuesday,Eggs,ğŸ— Chicken Curry,,15,Non-Vegetarian,2025-06-25 21:31
Wednesday,Butter,ğŸ— Chicken Curry,,15,Non-Vegetarian,2025-06-25 21:31
Thursday,Canned Beans,ğŸ— Chicken Curry,,15,Non-Vegetarian,2025-06-25 21:31
Friday,Orange Juice,ğŸ¥š Veggie Stir Fry,,15,Vegetarian,2025-06-25 21:31
Saturday,Oats,ğŸ¥š Veggie Stir Fry,,15,Vegetarian,2025-06-25 21:31
Sunday,Peanut Butter,ğŸ¥š Veggie Stir Fry,,15,Vegetarian,2025-06-25 21:31
Monday,Bread Loaf,ğŸ¥š Veggie Stir Fry,,15,Vegetarian,2025-06-25 21:32
Tuesday,Eggs,ğŸ— Chicken Curry,,15,Non-Vegetarian,2025-06-25 21:32
Wednesday,Butter,ğŸ— Chicken Curry,,15,Non-Vegetarian,2025-06-25 21:32
Thursday,Canned Beans,ğŸ— Chicken Curry,,15,Non-Vegetarian,2025-06-25 21:32
Friday,Orange Juice,ğŸ— Chicken Curry,,15,Non-Vegetarian,2025-06-25 21:32
Saturday,Oats,ğŸ¥š Veggie Stir Fry,,15,Vegetarian,2025-06-25 21:32
Sunday,Peanut Butter,ğŸ¥š Veggie Stir Fry,,15,Vegetarian,2025-06-25 21:32
Monday,Bread Loaf,Grilled Cheese Sandwich,,15,Vegetarian,2025-06-25 21:32
Tuesday,Eggs,Apam balik,,15,Vegetarian,2025-06-25 21:32
Wednesday,Butter, Bubble & Squeak,,15,Vegetarian,2025-06-25 21:32
Thursday,Canned Beans,Baked Beans on Toast,,15,Vegetarian,2025-06-25 21:32
Friday,Orange Juice,Fruit Smoothie,,15,Vegetarian,2025-06-25 21:32
Saturday,Oats,Oatmeal with Fruits,,15,Vegetarian,2025-06-25 21:32
Sunday,Peanut Butter,Apam balik,,15,Vegetarian,2025-06-25 21:32
Monday,Bread Loaf,Grilled Cheese Sandwich,,15,Vegetarian,2025-06-25 21:33
Tuesday,Eggs,Apam balik,,15,Vegetarian,2025-06-25 21:33
Wednesday,Butter, Bubble & Squeak,,15,Vegetarian,2025-06-25 21:33
Thursday,Canned Beans,Baked Beans on Toast,,15,Vegetarian,2025-06-25 21:33
Friday,Orange Juice,Fruit Smoothie,,15,Vegetarian,2025-06-25 21:33
Saturday,Oats,Oatmeal with Fruits,,15,Vegetarian,2025-06-25 21:33
Sunday,Peanut Butter,Apam balik,,15,Vegetarian,2025-06-25 21:33
Monday,Bread Loaf,Veggie Stir Fry,,15,Vegetarian,2025-06-25 21:36
Tuesday,Eggs,Grilled Cheese,,15,Vegetarian,2025-06-25 21:36
Wednesday,Butter,Veggie Stir Fry,,15,Vegetarian,2025-06-25 21:36
Thursday,Canned Beans,Veggie Stir Fry,,15,Vegetarian,2025-06-25 21:36
Friday,Orange Juice,Veggie Stir Fry,,15,Vegetarian,2025-06-25 21:36
Saturday,Oats,Veggie Stir Fry,,15,Vegetarian,2025-06-25 21:36
Sunday,Peanut Butter,Veggie Stir Fry,,15,Vegetarian,2025-06-25 21:36
Monday,Bread Loaf,Veggie Stir Fry,,15,Vegetarian,2025-06-25 21:37
Tuesday,Eggs,Grilled Cheese,,15,Vegetarian,2025-06-25 21:37
Wednesday,Butter,Veggie Stir Fry,,15,Vegetarian,2025-06-25 21:37
Thursday,Canned Beans,Omelette,,15,Non-Vegetarian,2025-06-25 21:37
Friday,Orange Juice,Veggie Stir Fry,,15,Vegetarian,2025-06-25 21:37
Saturday,Oats,Veggie Stir Fry,,15,Vegetarian,2025-06-25 21:37
Sunday,Peanut Butter,Veggie Stir Fry,,15,Vegetarian,2025-06-25 21:37
Monday,Bread Loaf,Veggie Stir Fry,,15,Vegetarian,2025-06-25 21:37
Tuesday,Eggs,Grilled Cheese,,15,Vegetarian,2025-06-25 21:37
Wednesday,Butter,Veggie Stir Fry,,15,Vegetarian,2025-06-25 21:37
Thursday,Canned Beans,Veggie Stir Fry,,15,Vegetarian,2025-06-25 21:37
Friday,Orange Juice,Veggie Stir Fry,,15,Vegetarian,2025-06-25 21:37
Saturday,Oats,Veggie Stir Fry,,15,Vegetarian,2025-06-25 21:37
Sunday,Peanut Butter,Veggie Stir Fry,,15,Vegetarian,2025-06-25 21:37
Monday,Bread Loaf,Veggie Stir Fry,,15,Vegetarian,2025-06-25 21:37
Tuesday,Eggs,Grilled Cheese,,15,Vegetarian,2025-06-25 21:37
Wednesday,Butter,Veggie Stir Fry,,15,Vegetarian,2025-06-25 21:37
Thursday,Canned Beans,Omelette,,15,Non-Vegetarian,2025-06-25 21:37
Friday,Orange Juice,Veggie Stir Fry,,15,Vegetarian,2025-06-25 21:37
Saturday,Oats,Veggie Stir Fry,,15,Vegetarian,2025-06-25 21:37
Sunday,Peanut Butter,Veggie Stir Fry,,15,Vegetarian,2025-06-25 21:37
Monday,Bread Loaf,Veggie Stir Fry,,15,Vegetarian,2025-06-25 21:37
Tuesday,Eggs,Grilled Cheese,,15,Vegetarian,2025-06-25 21:37
Wednesday,Butter,Veggie Stir Fry,,15,Vegetarian,2025-06-25 21:37
Thursday,Canned Beans,Veggie Stir Fry,,15,Vegetarian,2025-06-25 21:37
Friday,Orange Juice,Veggie Stir Fry,,15,Vegetarian,2025-06-25 21:37
Saturday,Oats,Veggie Stir Fry,,15,Vegetarian,2025-06-25 21:37
Sunday,Peanut Butter,Veggie Stir Fry,,15,Vegetarian,2025-06-25 21:37
Monday,Bread Loaf,Veggie Stir Fry,,15,Vegetarian,2025-06-25 21:37
Tuesday,Eggs,Grilled Cheese,,15,Vegetarian,2025-06-25 21:37
Wednesday,Butter,Veggie Stir Fry,,15,Vegetarian,2025-06-25 21:37
Thursday,Canned Beans,Omelette,,15,Non-Vegetarian,2025-06-25 21:37
Friday,Orange Juice,Veggie Stir Fry,,15,Vegetarian,2025-06-25 21:37
Saturday,Oats,Veggie Stir Fry,,15,Vegetarian,2025-06-25 21:37
Sunday,Peanut Butter,Veggie Stir Fry,,15,Vegetarian,2025-06-25 21:37
Monday,Bread Loaf,Veggie Stir Fry,,15,Vegetarian,2025-06-25 21:37
Tuesday,Eggs,Grilled Cheese,,15,Vegetarian,2025-06-25 21:37
Wednesday,Butter,Veggie Stir Fry,,15,Vegetarian,2025-06-25 21:37
Thursday,Canned Beans,Omelette,,15,Non-Vegetarian,2025-06-25 21:37
Friday,Orange Juice,Omelette,,15,Non-Vegetarian,2025-06-25 21:37
Saturday,Oats,Veggie Stir Fry,,15,Vegetarian,2025-06-25 21:37
Sunday,Peanut Butter,Veggie Stir Fry,,15,Vegetarian,2025-06-25 21:37
Monday,Bread Loaf,Veggie Stir Fry,,15,Vegetarian,2025-06-25 21:37
Tuesday,Eggs,Grilled Cheese,,15,Vegetarian,2025-06-25 21:37
Wednesday,Butter,Veggie Stir Fry,,15,Vegetarian,2025-06-25 21:37
Thursday,Canned Beans,Omelette,,15,Non-Vegetarian,2025-06-25 21:37
Friday,Orange Juice,Omelette,,15,Non-Vegetarian,2025-06-25 21:37
Saturday,Oats,Omelette,,15,Non-Vegetarian,2025-06-25 21:37
Sunday,Peanut Butter,Veggie Stir Fry,,15,Vegetarian,2025-06-25 21:37
Monday,Bread Loaf,Veggie Stir Fry,,15,Vegetarian,2025-06-25 21:37
Tuesday,Eggs,Grilled Cheese,,15,Vegetarian,2025-06-25 21:37
Wednesday,Butter,Veggie Stir Fry,,15,Vegetarian,2025-06-25 21:37
Thursday,Canned Beans,Omelette,,15,Non-Vegetarian,2025-06-25 21:37
Friday,Orange Juice,Omelette,,15,Non-Vegetarian,2025-06-25 21:37
Saturday,Oats,Omelette,,15,Non-Vegetarian,2025-06-25 21:37
Sunday,Peanut Butter,Omelette,,15,Non-Vegetarian,2025-06-25 21:37
Monday,Bread Loaf,Veggie Stir Fry,,15,Vegetarian,2025-06-25 21:37
Tuesday,Eggs,Grilled Cheese,,15,Vegetarian,2025-06-25 21:37
Wednesday,Butter,Veggie Stir Fry,,15,Vegetarian,2025-06-25 21:37
Thursday,Canned Beans,Omelette,,15,Non-Vegetarian,2025-06-25 21:37
Friday,Orange Juice,Omelette,,15,Non-Vegetarian,2025-06-25 21:37
Saturday,Oats,Omelette,,15,Non-Vegetarian,2025-06-25 21:37
Sunday,Peanut Butter,Veggie Stir Fry,,15,Vegetarian,2025-06-25 21:37
Monday,Bread Loaf,Veggie Stir Fry,,15,Vegetarian,2025-06-25 21:39
Tuesday,Eggs,Grilled Cheese,,15,Vegetarian,2025-06-25 21:39
Wednesday,Butter,Veggie Stir Fry,,15,Vegetarian,2025-06-25 21:39
Thursday,Canned Beans,Veggie Stir Fry,,15,Vegetarian,2025-06-25 21:39
Friday,Orange Juice,Veggie Stir Fry,,15,Vegetarian,2025-06-25 21:39
Saturday,Oats,Veggie Stir Fry,,15,Vegetarian,2025-06-25 21:39
Sunday,Peanut Butter,Veggie Stir Fry,,15,Vegetarian,2025-06-25 21:39
Monday,Bread Loaf,Omelette,,15,Non-Vegetarian,2025-06-25 21:39
Tuesday,Eggs,Grilled Cheese,,15,Vegetarian,2025-06-25 21:39
Wednesday,Butter,Veggie Stir Fry,,15,Vegetarian,2025-06-25 21:39
Thursday,Canned Beans,Veggie Stir Fry,,15,Vegetarian,2025-06-25 21:39
Friday,Orange Juice,Veggie Stir Fry,,15,Vegetarian,2025-06-25 21:39
Saturday,Oats,Veggie Stir Fry,,15,Vegetarian,2025-06-25 21:39
Sunday,Peanut Butter,Veggie Stir Fry,,15,Vegetarian,2025-06-25 21:39
Monday,Bread Loaf,Veggie Stir Fry,,15,Vegetarian,2025-06-26 11:11
Tuesday,Eggs,Grilled Cheese,,15,Vegetarian,2025-06-26 11:11
Wednesday,Butter,Veggie Stir Fry,,15,Vegetarian,2025-06-26 11:11
Thursday,Canned Beans,Veggie Stir Fry,,15,Vegetarian,2025-06-26 11:11
Friday,Orange Juice,Veggie Stir Fry,,15,Vegetarian,2025-06-26 11:11
Saturday,Oats,Veggie Stir Fry,,15,Vegetarian,2025-06-26 11:11
Sunday,Peanut Butter,Veggie Stir Fry,,15,Vegetarian,2025-06-26 11:11
Monday,Cherry Tomatoes 1)B 1.Â»,Veggie Stir Fry,,15,Vegetarian,2025-06-26 11:13
Monday,Cherry Tomatoes 1)B 1.Â»,Omelette,,15,Non-Vegetarian,2025-06-26 11:14
Monday,Cherry Tomatoes 1)B 1.Â»,Omelette,,15,Non-Vegetarian,2025-06-26 11:14
